Dates,3M Company (NYSE:MMM) - Share Pricing
Jan-03-2006,79.11
Jan-04-2006,78.71
Jan-05-2006,77.99
Jan-06-2006,78.63
Jan-09-2006,79.02
Jan-10-2006,78.53
Jan-11-2006,78.37
Jan-12-2006,77.70
Jan-13-2006,77.50
Jan-17-2006,77.09
Jan-18-2006,77.18
Jan-19-2006,76.91
Jan-20-2006,75.24
Jan-23-2006,75.70
Jan-24-2006,74.20
Jan-25-2006,73.00
Jan-26-2006,72.70
Jan-27-2006,72.65
Jan-30-2006,72.65
Jan-31-2006,72.75
Feb-01-2006,73.19
Feb-02-2006,72.15
Feb-03-2006,71.10
Feb-06-2006,71.17
Feb-07-2006,70.65
Feb-08-2006,71.00
Feb-09-2006,72.12
Feb-10-2006,72.61
Feb-13-2006,72.91
Feb-14-2006,73.70
Feb-15-2006,73.13
Feb-16-2006,73.05
Feb-17-2006,73.77
Feb-21-2006,73.20
Feb-22-2006,72.98
Feb-23-2006,73.65
Feb-24-2006,73.91
Feb-27-2006,73.69
Feb-28-2006,73.59
Mar-01-2006,73.67
Mar-02-2006,73.05
Mar-03-2006,72.88
Mar-06-2006,71.95
Mar-07-2006,72.27
Mar-08-2006,72.38
Mar-09-2006,71.80
Mar-10-2006,72.32
Mar-13-2006,72.09
Mar-14-2006,73.53
Mar-15-2006,74.00
Mar-16-2006,74.89
Mar-17-2006,74.79
Mar-20-2006,75.00
Mar-21-2006,74.93
Mar-22-2006,76.07
Mar-23-2006,76.77
Mar-24-2006,76.80
Mar-27-2006,76.84
Mar-28-2006,76.30
Mar-29-2006,77.56
Mar-30-2006,76.52
Mar-31-2006,75.69
Apr-03-2006,75.84
Apr-04-2006,77.00
Apr-05-2006,77.46
Apr-06-2006,81.38
Apr-07-2006,81.03
Apr-10-2006,80.98
Apr-11-2006,80.79
Apr-12-2006,81.10
Apr-13-2006,80.97
Apr-17-2006,80.26
Apr-18-2006,81.59
Apr-19-2006,81.88
Apr-20-2006,82.60
Apr-21-2006,85.06
Apr-24-2006,85.46
Apr-25-2006,84.81
Apr-26-2006,85.52
Apr-27-2006,85.23
Apr-28-2006,85.43
May-01-2006,84.97
May-02-2006,84.50
May-03-2006,85.90
May-04-2006,86.47
May-05-2006,87.30
May-08-2006,88.13
May-09-2006,87.58
May-10-2006,87.65
May-11-2006,87.17
May-12-2006,86.57
May-15-2006,87.12
May-16-2006,86.76
May-17-2006,84.42
May-18-2006,84.15
May-19-2006,84.31
May-22-2006,83.73
May-23-2006,83.44
May-24-2006,83.82
May-25-2006,83.26
May-26-2006,83.87
May-30-2006,83.46
May-31-2006,83.66
Jun-01-2006,84.51
Jun-02-2006,84.78
Jun-05-2006,82.95
Jun-06-2006,82.26
Jun-07-2006,80.34
Jun-08-2006,81.75
Jun-09-2006,80.57
Jun-12-2006,80.16
Jun-13-2006,79.96
Jun-14-2006,79.90
Jun-15-2006,80.90
Jun-16-2006,80.51
Jun-19-2006,79.43
Jun-20-2006,79.89
Jun-21-2006,80.40
Jun-22-2006,79.59
Jun-23-2006,79.92
Jun-26-2006,80.21
Jun-27-2006,78.70
Jun-28-2006,79.28
Jun-29-2006,81.15
Jun-30-2006,80.77
Jul-03-2006,81.12
Jul-05-2006,80.55
Jul-06-2006,81.39
Jul-07-2006,74.10
Jul-10-2006,73.11
Jul-11-2006,73.09
Jul-12-2006,72.72
Jul-13-2006,71.63
Jul-14-2006,71.22
Jul-17-2006,70.66
Jul-18-2006,70.85
Jul-19-2006,71.02
Jul-20-2006,71.10
Jul-21-2006,70.72
Jul-24-2006,71.69
Jul-25-2006,68.11
Jul-26-2006,69.06
Jul-27-2006,69.75
Jul-28-2006,70.52
Jul-31-2006,70.40
Aug-01-2006,69.91
Aug-02-2006,69.61
Aug-03-2006,69.28
Aug-04-2006,69.45
Aug-07-2006,69.00
Aug-08-2006,68.56
Aug-09-2006,68.30
Aug-10-2006,68.41
Aug-11-2006,68.53
Aug-14-2006,68.62
Aug-15-2006,69.78
Aug-16-2006,70.79
Aug-17-2006,71.20
Aug-18-2006,71.21
Aug-21-2006,71.12
Aug-22-2006,71.29
Aug-23-2006,70.34
Aug-24-2006,70.10
Aug-25-2006,69.92
Aug-28-2006,70.94
Aug-29-2006,71.61
Aug-30-2006,71.44
Aug-31-2006,71.70
Sep-01-2006,71.72
Sep-05-2006,71.35
Sep-06-2006,71.50
Sep-07-2006,70.59
Sep-08-2006,71.51
Sep-11-2006,71.35
Sep-12-2006,72.57
Sep-13-2006,73.37
Sep-14-2006,73.53
Sep-15-2006,74.14
Sep-18-2006,73.89
Sep-19-2006,73.25
Sep-20-2006,73.42
Sep-21-2006,73.11
Sep-22-2006,73.07
Sep-25-2006,73.70
Sep-26-2006,74.75
Sep-27-2006,74.65
Sep-28-2006,74.60
Sep-29-2006,74.42
Oct-02-2006,73.59
Oct-03-2006,74.03
Oct-04-2006,74.87
Oct-05-2006,75.92
Oct-06-2006,75.95
Oct-09-2006,75.80
Oct-10-2006,75.20
Oct-11-2006,75.47
Oct-12-2006,75.43
Oct-13-2006,75.40
Oct-16-2006,75.75
Oct-17-2006,75.80
Oct-18-2006,75.53
Oct-19-2006,76.40
Oct-20-2006,78.47
Oct-23-2006,80.09
Oct-24-2006,79.89
Oct-25-2006,79.46
Oct-26-2006,79.24
Oct-27-2006,78.95
Oct-30-2006,78.94
Oct-31-2006,78.84
Nov-01-2006,78.84
Nov-02-2006,78.88
Nov-03-2006,78.58
Nov-06-2006,79.59
Nov-07-2006,79.42
Nov-08-2006,79.42
Nov-09-2006,78.90
Nov-10-2006,79.19
Nov-13-2006,79.50
Nov-14-2006,80.09
Nov-15-2006,80.71
Nov-16-2006,80.29
Nov-17-2006,81.40
Nov-20-2006,81.38
Nov-21-2006,81.64
Nov-22-2006,81.47
Nov-24-2006,81.15
Nov-27-2006,80.23
Nov-28-2006,80.41
Nov-29-2006,80.98
Nov-30-2006,81.46
Dec-01-2006,79.98
Dec-04-2006,80.89
Dec-05-2006,80.56
Dec-06-2006,79.80
Dec-07-2006,79.56
Dec-08-2006,78.56
Dec-11-2006,78.85
Dec-12-2006,79.01
Dec-13-2006,79.25
Dec-14-2006,78.77
Dec-15-2006,78.31
Dec-18-2006,78.35
Dec-19-2006,78.11
Dec-20-2006,78.83
Dec-21-2006,78.81
Dec-22-2006,78.35
Dec-26-2006,78.03
Dec-27-2006,78.47
Dec-28-2006,78.16
Dec-29-2006,77.93
Jan-03-2007,78.26
Jan-04-2007,77.95
Jan-05-2007,77.42
Jan-08-2007,77.59
Jan-09-2007,77.68
Jan-10-2007,77.85
Jan-11-2007,78.65
Jan-12-2007,79.36
Jan-16-2007,79.56
Jan-17-2007,78.91
Jan-18-2007,78.81
Jan-19-2007,79.25
Jan-22-2007,78.49
Jan-23-2007,78.85
Jan-24-2007,79.49
Jan-25-2007,79.01
Jan-26-2007,78.69
Jan-29-2007,78.96
Jan-30-2007,74.70
Jan-31-2007,74.30
Feb-01-2007,73.99
Feb-02-2007,73.87
Feb-05-2007,73.93
Feb-06-2007,74.27
Feb-07-2007,74.65
Feb-08-2007,74.64
Feb-09-2007,74.54
Feb-12-2007,74.59
Feb-13-2007,76.43
Feb-14-2007,76.84
Feb-15-2007,76.91
Feb-16-2007,76.84
Feb-20-2007,76.58
Feb-21-2007,76.23
Feb-22-2007,76.35
Feb-23-2007,76.21
Feb-26-2007,76.12
Feb-27-2007,74.50
Feb-28-2007,74.08
Mar-01-2007,73.66
Mar-02-2007,73.01
Mar-05-2007,73.17
Mar-06-2007,73.47
Mar-07-2007,73.80
Mar-08-2007,74.52
Mar-09-2007,74.73
Mar-12-2007,75.17
Mar-13-2007,74.77
Mar-14-2007,75.80
Mar-15-2007,75.99
Mar-16-2007,75.28
Mar-19-2007,76.36
Mar-20-2007,76.38
Mar-21-2007,76.90
Mar-22-2007,77.78
Mar-23-2007,77.97
Mar-26-2007,77.38
Mar-27-2007,77.17
Mar-28-2007,76.38
Mar-29-2007,76.09
Mar-30-2007,76.43
Apr-02-2007,76.28
Apr-03-2007,77.46
Apr-04-2007,77.16
Apr-05-2007,76.75
Apr-09-2007,76.83
Apr-10-2007,76.50
Apr-11-2007,76.23
Apr-12-2007,76.71
Apr-13-2007,76.72
Apr-16-2007,77.16
Apr-17-2007,77.28
Apr-18-2007,77.08
Apr-19-2007,77.58
Apr-20-2007,77.75
Apr-23-2007,77.28
Apr-24-2007,77.00
Apr-25-2007,76.97
Apr-26-2007,80.45
Apr-27-2007,81.55
Apr-30-2007,82.77
May-01-2007,83.61
May-02-2007,84.42
May-03-2007,84.07
May-04-2007,84.21
May-07-2007,84.93
May-08-2007,84.78
May-09-2007,85.36
May-10-2007,84.65
May-11-2007,85.55
May-14-2007,84.83
May-15-2007,86.17
May-16-2007,86.01
May-17-2007,86.67
May-18-2007,86.90
May-21-2007,87.06
May-22-2007,87.78
May-23-2007,87.94
May-24-2007,87.15
May-25-2007,87.35
May-29-2007,87.31
May-30-2007,87.93
May-31-2007,87.96
Jun-01-2007,88.43
Jun-04-2007,88.07
Jun-05-2007,87.46
Jun-06-2007,86.62
Jun-07-2007,84.88
Jun-08-2007,85.94
Jun-11-2007,85.30
Jun-12-2007,85.04
Jun-13-2007,87.19
Jun-14-2007,87.42
Jun-15-2007,87.67
Jun-18-2007,87.62
Jun-19-2007,87.82
Jun-20-2007,87.08
Jun-21-2007,87.41
Jun-22-2007,86.43
Jun-25-2007,86.25
Jun-26-2007,86.08
Jun-27-2007,87.13
Jun-28-2007,86.85
Jun-29-2007,86.79
Jul-02-2007,88.00
Jul-03-2007,87.94
Jul-05-2007,87.76
Jul-06-2007,88.11
Jul-09-2007,88.11
Jul-10-2007,87.22
Jul-11-2007,87.88
Jul-12-2007,89.93
Jul-13-2007,90.22
Jul-16-2007,90.87
Jul-17-2007,91.08
Jul-18-2007,91.48
Jul-19-2007,91.17
Jul-20-2007,90.21
Jul-23-2007,90.87
Jul-24-2007,89.69
Jul-25-2007,89.62
Jul-26-2007,90.05
Jul-27-2007,90.05
Jul-30-2007,90.18
Jul-31-2007,88.92
Aug-01-2007,89.07
Aug-02-2007,89.12
Aug-03-2007,87.56
Aug-06-2007,87.77
Aug-07-2007,88.03
Aug-08-2007,88.15
Aug-09-2007,86.86
Aug-10-2007,85.97
Aug-13-2007,86.25
Aug-14-2007,85.76
Aug-15-2007,85.06
Aug-16-2007,85.40
Aug-17-2007,87.83
Aug-20-2007,88.27
Aug-21-2007,88.46
Aug-22-2007,89.07
Aug-23-2007,88.75
Aug-24-2007,89.15
Aug-27-2007,88.70
Aug-28-2007,87.62
Aug-29-2007,88.76
Aug-30-2007,89.36
Aug-31-2007,90.99
Sep-04-2007,91.15
Sep-05-2007,89.92
Sep-06-2007,90.63
Sep-07-2007,88.92
Sep-10-2007,87.82
Sep-11-2007,88.24
Sep-12-2007,89.08
Sep-13-2007,89.09
Sep-14-2007,89.02
Sep-17-2007,88.93
Sep-18-2007,91.66
Sep-19-2007,91.96
Sep-20-2007,91.44
Sep-21-2007,91.68
Sep-24-2007,91.81
Sep-25-2007,91.91
Sep-26-2007,92.54
Sep-27-2007,93.39
Sep-28-2007,93.58
Oct-01-2007,94.74
Oct-02-2007,93.89
Oct-03-2007,94.19
Oct-04-2007,94.25
Oct-05-2007,95.85
Oct-08-2007,95.41
Oct-09-2007,95.62
Oct-10-2007,95.82
Oct-11-2007,94.36
Oct-12-2007,94.17
Oct-15-2007,94.39
Oct-16-2007,93.98
Oct-17-2007,94.26
Oct-18-2007,94.73
Oct-19-2007,86.62
Oct-22-2007,86.28
Oct-23-2007,85.93
Oct-24-2007,86.10
Oct-25-2007,86.09
Oct-26-2007,86.13
Oct-29-2007,85.97
Oct-30-2007,85.79
Oct-31-2007,86.36
Nov-01-2007,83.90
Nov-02-2007,84.89
Nov-05-2007,85.05
Nov-06-2007,85.45
Nov-07-2007,83.27
Nov-08-2007,82.83
Nov-09-2007,79.51
Nov-12-2007,79.22
Nov-13-2007,81.23
Nov-14-2007,80.21
Nov-15-2007,79.65
Nov-16-2007,81.57
Nov-19-2007,81.70
Nov-20-2007,82.11
Nov-21-2007,81.24
Nov-23-2007,82.75
Nov-26-2007,81.00
Nov-27-2007,82.12
Nov-28-2007,83.41
Nov-29-2007,83.61
Nov-30-2007,83.26
Dec-03-2007,82.21
Dec-04-2007,82.09
Dec-05-2007,83.76
Dec-06-2007,84.82
Dec-07-2007,86.19
Dec-10-2007,86.74
Dec-11-2007,84.65
Dec-12-2007,86.66
Dec-13-2007,86.92
Dec-14-2007,85.93
Dec-17-2007,85.78
Dec-18-2007,85.85
Dec-19-2007,84.93
Dec-20-2007,84.49
Dec-21-2007,86.05
Dec-24-2007,86.26
Dec-26-2007,86.07
Dec-27-2007,85.40
Dec-28-2007,85.09
Dec-31-2007,84.32
Jan-02-2008,82.71
Jan-03-2008,82.70
Jan-04-2008,81.76
Jan-07-2008,81.11
Jan-08-2008,80.21
Jan-09-2008,80.19
Jan-10-2008,80.21
Jan-11-2008,77.58
Jan-14-2008,78.50
Jan-15-2008,77.18
Jan-16-2008,77.30
Jan-17-2008,74.96
Jan-18-2008,74.91
Jan-22-2008,75.16
Jan-23-2008,76.10
Jan-24-2008,75.73
Jan-25-2008,75.51
Jan-28-2008,77.44
Jan-29-2008,78.02
Jan-30-2008,78.22
Jan-31-2008,79.65
Feb-01-2008,81.21
Feb-04-2008,80.57
Feb-05-2008,79.09
Feb-06-2008,79.18
Feb-07-2008,79.12
Feb-08-2008,78.56
Feb-11-2008,79.28
Feb-12-2008,79.10
Feb-13-2008,81.38
Feb-14-2008,80.29
Feb-15-2008,79.95
Feb-19-2008,79.85
Feb-20-2008,79.94
Feb-21-2008,78.96
Feb-22-2008,79.67
Feb-25-2008,81.00
Feb-26-2008,81.29
Feb-27-2008,80.48
Feb-28-2008,79.80
Feb-29-2008,78.40
Mar-03-2008,78.49
Mar-04-2008,78.41
Mar-05-2008,78.93
Mar-06-2008,77.95
Mar-07-2008,76.51
Mar-10-2008,75.48
Mar-11-2008,77.95
Mar-12-2008,78.42
Mar-13-2008,79.08
Mar-14-2008,77.53
Mar-17-2008,78.51
Mar-18-2008,80.95
Mar-19-2008,79.47
Mar-20-2008,77.98
Mar-24-2008,78.64
Mar-25-2008,78.98
Mar-26-2008,78.66
Mar-27-2008,77.86
Mar-28-2008,77.95
Mar-31-2008,79.15
Apr-01-2008,81.32
Apr-02-2008,80.91
Apr-03-2008,80.17
Apr-04-2008,80.52
Apr-07-2008,80.19
Apr-08-2008,79.88
Apr-09-2008,79.59
Apr-10-2008,80.35
Apr-11-2008,78.47
Apr-14-2008,78.26
Apr-15-2008,78.84
Apr-16-2008,80.69
Apr-17-2008,80.65
Apr-18-2008,82.90
Apr-21-2008,82.34
Apr-22-2008,81.18
Apr-23-2008,80.63
Apr-24-2008,79.13
Apr-25-2008,77.82
Apr-28-2008,77.13
Apr-29-2008,76.86
Apr-30-2008,76.90
May-01-2008,77.84
May-02-2008,78.55
May-05-2008,77.55
May-06-2008,77.76
May-07-2008,76.68
May-08-2008,76.95
May-09-2008,76.32
May-12-2008,77.67
May-13-2008,77.18
May-14-2008,77.73
May-15-2008,77.86
May-16-2008,78.66
May-19-2008,79.05
May-20-2008,77.53
May-21-2008,76.12
May-22-2008,76.64
May-23-2008,75.81
May-27-2008,76.17
May-28-2008,76.90
May-29-2008,77.76
May-30-2008,77.56
Jun-02-2008,76.25
Jun-03-2008,76.23
Jun-04-2008,76.36
Jun-05-2008,77.50
Jun-06-2008,74.86
Jun-09-2008,75.82
Jun-10-2008,76.00
Jun-11-2008,75.27
Jun-12-2008,75.55
Jun-13-2008,76.12
Jun-16-2008,75.20
Jun-17-2008,74.97
Jun-18-2008,74.30
Jun-19-2008,74.12
Jun-20-2008,73.02
Jun-23-2008,72.96
Jun-24-2008,72.43
Jun-25-2008,72.57
Jun-26-2008,70.26
Jun-27-2008,69.51
Jun-30-2008,69.59
Jul-01-2008,69.78
Jul-02-2008,68.48
Jul-03-2008,69.46
Jul-07-2008,69.85
Jul-08-2008,71.03
Jul-09-2008,68.64
Jul-10-2008,68.92
Jul-11-2008,68.72
Jul-14-2008,69.02
Jul-15-2008,67.69
Jul-16-2008,68.64
Jul-17-2008,69.45
Jul-18-2008,68.94
Jul-21-2008,68.73
Jul-22-2008,70.30
Jul-23-2008,70.80
Jul-24-2008,71.05
Jul-25-2008,70.95
Jul-28-2008,69.63
Jul-29-2008,70.49
Jul-30-2008,71.30
Jul-31-2008,70.39
Aug-01-2008,70.15
Aug-04-2008,69.75
Aug-05-2008,71.88
Aug-06-2008,71.81
Aug-07-2008,71.18
Aug-08-2008,73.48
Aug-11-2008,74.38
Aug-12-2008,73.60
Aug-13-2008,72.96
Aug-14-2008,73.04
Aug-15-2008,73.49
Aug-18-2008,72.45
Aug-19-2008,71.31
Aug-20-2008,70.69
Aug-21-2008,70.91
Aug-22-2008,72.28
Aug-25-2008,70.73
Aug-26-2008,70.72
Aug-27-2008,70.72
Aug-28-2008,72.50
Aug-29-2008,71.60
Sep-02-2008,71.12
Sep-03-2008,70.83
Sep-04-2008,69.74
Sep-05-2008,69.19
Sep-08-2008,71.18
Sep-09-2008,69.45
Sep-10-2008,68.68
Sep-11-2008,69.94
Sep-12-2008,70.15
Sep-15-2008,68.88
Sep-16-2008,69.73
Sep-17-2008,68.85
Sep-18-2008,70.50
Sep-19-2008,72.68
Sep-22-2008,70.70
Sep-23-2008,69.00
Sep-24-2008,68.57
Sep-25-2008,69.73
Sep-26-2008,69.45
Sep-29-2008,66.32
Sep-30-2008,68.31
Oct-01-2008,67.39
Oct-02-2008,65.60
Oct-03-2008,64.60
Oct-06-2008,63.00
Oct-07-2008,59.97
Oct-08-2008,57.37
Oct-09-2008,53.50
Oct-10-2008,54.26
Oct-13-2008,59.62
Oct-14-2008,59.37
Oct-15-2008,54.68
Oct-16-2008,57.27
Oct-17-2008,56.49
Oct-20-2008,57.51
Oct-21-2008,60.04
Oct-22-2008,58.19
Oct-23-2008,61.54
Oct-24-2008,59.61
Oct-27-2008,60.37
Oct-28-2008,64.31
Oct-29-2008,62.13
Oct-30-2008,62.55
Oct-31-2008,64.30
Nov-03-2008,64.11
Nov-04-2008,65.61
Nov-05-2008,64.52
Nov-06-2008,62.36
Nov-07-2008,64.83
Nov-10-2008,64.95
Nov-11-2008,62.38
Nov-12-2008,59.44
Nov-13-2008,64.43
Nov-14-2008,63.06
Nov-17-2008,60.80
Nov-18-2008,62.17
Nov-19-2008,58.77
Nov-20-2008,56.79
Nov-21-2008,61.30
Nov-24-2008,63.26
Nov-25-2008,63.64
Nov-26-2008,65.91
Nov-28-2008,66.93
Dec-01-2008,62.35
Dec-02-2008,60.86
Dec-03-2008,60.71
Dec-04-2008,59.14
Dec-05-2008,59.85
Dec-08-2008,57.38
Dec-09-2008,56.15
Dec-10-2008,57.52
Dec-11-2008,55.14
Dec-12-2008,56.04
Dec-15-2008,55.63
Dec-16-2008,58.32
Dec-17-2008,58.58
Dec-18-2008,56.71
Dec-19-2008,56.62
Dec-22-2008,56.37
Dec-23-2008,55.44
Dec-24-2008,55.50
Dec-26-2008,55.74
Dec-29-2008,55.37
Dec-30-2008,57.17
Dec-31-2008,57.54
Jan-02-2009,59.19
Jan-05-2009,58.50
Jan-06-2009,59.19
Jan-07-2009,58.07
Jan-08-2009,58.58
Jan-09-2009,57.74
Jan-12-2009,57.08
Jan-13-2009,56.25
Jan-14-2009,55.04
Jan-15-2009,55.17
Jan-16-2009,56.42
Jan-20-2009,53.92
Jan-21-2009,54.24
Jan-22-2009,54.06
Jan-23-2009,52.90
Jan-26-2009,53.56
Jan-27-2009,53.99
Jan-28-2009,55.42
Jan-29-2009,56.55
Jan-30-2009,53.79
Feb-02-2009,50.62
Feb-03-2009,51.64
Feb-04-2009,50.84
Feb-05-2009,51.55
Feb-06-2009,52.39
Feb-09-2009,54.11
Feb-10-2009,51.08
Feb-11-2009,51.29
Feb-12-2009,49.97
Feb-13-2009,49.42
Feb-17-2009,47.42
Feb-18-2009,47.14
Feb-19-2009,47.07
Feb-20-2009,47.25
Feb-23-2009,45.41
Feb-24-2009,47.40
Feb-25-2009,46.61
Feb-26-2009,46.33
Feb-27-2009,45.46
Mar-02-2009,42.84
Mar-03-2009,43.12
Mar-04-2009,44.82
Mar-05-2009,42.51
Mar-06-2009,41.83
Mar-09-2009,42.07
Mar-10-2009,45.49
Mar-11-2009,46.80
Mar-12-2009,48.00
Mar-13-2009,48.00
Mar-16-2009,47.47
Mar-17-2009,48.76
Mar-18-2009,49.20
Mar-19-2009,47.47
Mar-20-2009,45.93
Mar-23-2009,49.32
Mar-24-2009,48.30
Mar-25-2009,49.02
Mar-26-2009,51.03
Mar-27-2009,50.33
Mar-30-2009,48.65
Mar-31-2009,49.72
Apr-01-2009,50.65
Apr-02-2009,52.13
Apr-03-2009,52.11
Apr-06-2009,52.08
Apr-07-2009,50.80
Apr-08-2009,51.38
Apr-09-2009,53.13
Apr-13-2009,53.35
Apr-14-2009,52.94
Apr-15-2009,53.73
Apr-16-2009,54.76
Apr-17-2009,53.81
Apr-20-2009,51.97
Apr-21-2009,53.29
Apr-22-2009,53.06
Apr-23-2009,54.21
Apr-24-2009,57.00
Apr-27-2009,57.35
Apr-28-2009,56.55
Apr-29-2009,57.52
Apr-30-2009,57.60
May-01-2009,57.88
May-04-2009,58.48
May-05-2009,58.43
May-06-2009,59.14
May-07-2009,58.77
May-08-2009,60.09
May-11-2009,59.11
May-12-2009,59.53
May-13-2009,56.94
May-14-2009,57.94
May-15-2009,57.92
May-18-2009,59.23
May-19-2009,59.00
May-20-2009,58.20
May-21-2009,56.55
May-22-2009,56.07
May-26-2009,57.91
May-27-2009,56.04
May-28-2009,56.55
May-29-2009,57.10
Jun-01-2009,59.29
Jun-02-2009,59.96
Jun-03-2009,59.50
Jun-04-2009,59.85
Jun-05-2009,60.94
Jun-08-2009,60.69
Jun-09-2009,60.34
Jun-10-2009,60.46
Jun-11-2009,60.58
Jun-12-2009,61.00
Jun-15-2009,59.31
Jun-16-2009,58.41
Jun-17-2009,59.04
Jun-18-2009,59.31
Jun-19-2009,59.37
Jun-22-2009,57.47
Jun-23-2009,57.06
Jun-24-2009,57.48
Jun-25-2009,58.90
Jun-26-2009,59.26
Jun-29-2009,59.96
Jun-30-2009,60.10
Jul-01-2009,60.74
Jul-02-2009,60.25
Jul-06-2009,60.67
Jul-07-2009,58.76
Jul-08-2009,59.02
Jul-09-2009,59.09
Jul-10-2009,59.79
Jul-13-2009,60.49
Jul-14-2009,60.63
Jul-15-2009,62.00
Jul-16-2009,63.40
Jul-17-2009,62.92
Jul-20-2009,63.84
Jul-21-2009,64.20
Jul-22-2009,64.67
Jul-23-2009,69.43
Jul-24-2009,69.42
Jul-27-2009,69.91
Jul-28-2009,69.88
Jul-29-2009,68.72
Jul-30-2009,69.90
Jul-31-2009,70.52
Aug-03-2009,72.14
Aug-04-2009,72.03
Aug-05-2009,71.83
Aug-06-2009,72.40
Aug-07-2009,72.90
Aug-10-2009,70.91
Aug-11-2009,71.34
Aug-12-2009,72.33
Aug-13-2009,72.60
Aug-14-2009,71.32
Aug-17-2009,70.08
Aug-18-2009,70.35
Aug-19-2009,70.79
Aug-20-2009,71.23
Aug-21-2009,72.64
Aug-24-2009,72.56
Aug-25-2009,72.68
Aug-26-2009,71.42
Aug-27-2009,71.63
Aug-28-2009,71.92
Aug-31-2009,72.10
Sep-01-2009,70.12
Sep-02-2009,70.58
Sep-03-2009,71.02
Sep-04-2009,71.35
Sep-08-2009,71.69
Sep-09-2009,73.18
Sep-10-2009,74.39
Sep-11-2009,74.00
Sep-14-2009,74.56
Sep-15-2009,74.68
Sep-16-2009,75.38
Sep-17-2009,74.89
Sep-18-2009,74.62
Sep-21-2009,74.54
Sep-22-2009,74.97
Sep-23-2009,74.42
Sep-24-2009,74.10
Sep-25-2009,73.80
Sep-28-2009,75.01
Sep-29-2009,73.94
Sep-30-2009,73.80
Oct-01-2009,72.55
Oct-02-2009,71.93
Oct-05-2009,73.02
Oct-06-2009,73.93
Oct-07-2009,73.14
Oct-08-2009,74.53
Oct-09-2009,74.73
Oct-12-2009,74.88
Oct-13-2009,74.65
Oct-14-2009,76.57
Oct-15-2009,76.77
Oct-16-2009,76.02
Oct-19-2009,76.32
Oct-20-2009,75.95
Oct-21-2009,76.33
Oct-22-2009,78.79
Oct-23-2009,77.82
Oct-26-2009,76.82
Oct-27-2009,76.00
Oct-28-2009,74.46
Oct-29-2009,75.48
Oct-30-2009,73.57
Nov-02-2009,74.28
Nov-03-2009,74.06
Nov-04-2009,74.07
Nov-05-2009,75.46
Nov-06-2009,75.41
Nov-09-2009,77.20
Nov-10-2009,77.99
Nov-11-2009,77.96
Nov-12-2009,77.21
Nov-13-2009,77.32
Nov-16-2009,78.02
Nov-17-2009,78.78
Nov-18-2009,77.80
Nov-19-2009,77.25
Nov-20-2009,76.64
Nov-23-2009,77.73
Nov-24-2009,77.61
Nov-25-2009,77.91
Nov-27-2009,76.75
Nov-30-2009,77.44
Dec-01-2009,78.63
Dec-02-2009,78.41
Dec-03-2009,77.15
Dec-04-2009,78.24
Dec-07-2009,77.91
Dec-08-2009,77.11
Dec-09-2009,79.74
Dec-10-2009,80.68
Dec-11-2009,81.75
Dec-14-2009,81.91
Dec-15-2009,82.70
Dec-16-2009,81.72
Dec-17-2009,80.47
Dec-18-2009,80.97
Dec-21-2009,81.43
Dec-22-2009,81.96
Dec-23-2009,82.19
Dec-24-2009,82.55
Dec-28-2009,83.45
Dec-29-2009,84.13
Dec-30-2009,83.90
Dec-31-2009,82.67
Jan-04-2010,83.02
Jan-05-2010,82.50
Jan-06-2010,83.67
Jan-07-2010,83.73
Jan-08-2010,84.32
Jan-11-2010,83.98
Jan-12-2010,84.05
Jan-13-2010,83.78
Jan-14-2010,83.50
Jan-15-2010,83.37
Jan-19-2010,85.12
Jan-20-2010,84.72
Jan-21-2010,82.70
Jan-22-2010,81.48
Jan-25-2010,81.83
Jan-26-2010,81.63
Jan-27-2010,82.30
Jan-28-2010,80.75
Jan-29-2010,80.49
Feb-01-2010,80.44
Feb-02-2010,80.43
Feb-03-2010,81.50
Feb-04-2010,79.21
Feb-05-2010,78.54
Feb-08-2010,77.53
Feb-09-2010,78.72
Feb-10-2010,78.62
Feb-11-2010,80.27
Feb-12-2010,79.18
Feb-16-2010,80.47
Feb-17-2010,80.14
Feb-18-2010,81.11
Feb-19-2010,81.52
Feb-22-2010,80.68
Feb-23-2010,79.71
Feb-24-2010,80.07
Feb-25-2010,79.74
Feb-26-2010,80.15
Mar-01-2010,80.58
Mar-02-2010,81.13
Mar-03-2010,81.00
Mar-04-2010,81.02
Mar-05-2010,82.44
Mar-08-2010,81.31
Mar-09-2010,81.99
Mar-10-2010,81.56
Mar-11-2010,81.26
Mar-12-2010,81.38
Mar-15-2010,81.26
Mar-16-2010,81.66
Mar-17-2010,82.18
Mar-18-2010,83.67
Mar-19-2010,81.96
Mar-22-2010,81.84
Mar-23-2010,82.35
Mar-24-2010,81.61
Mar-25-2010,80.93
Mar-26-2010,81.00
Mar-29-2010,81.36
Mar-30-2010,84.28
Mar-31-2010,83.57
Apr-01-2010,83.85
Apr-05-2010,84.19
Apr-06-2010,84.35
Apr-07-2010,83.66
Apr-08-2010,82.95
Apr-09-2010,83.49
Apr-12-2010,83.28
Apr-13-2010,83.94
Apr-14-2010,84.39
Apr-15-2010,85.00
Apr-16-2010,83.76
Apr-19-2010,83.90
Apr-20-2010,85.27
Apr-21-2010,85.70
Apr-22-2010,86.05
Apr-23-2010,86.58
Apr-26-2010,87.44
Apr-27-2010,87.97
Apr-28-2010,88.24
Apr-29-2010,89.33
Apr-30-2010,88.67
May-03-2010,89.81
May-04-2010,87.68
May-05-2010,86.59
May-06-2010,84.24
May-07-2010,82.63
May-10-2010,85.97
May-11-2010,85.04
May-12-2010,86.44
May-13-2010,85.59
May-14-2010,84.68
May-17-2010,84.68
May-18-2010,84.02
May-19-2010,82.54
May-20-2010,79.58
May-21-2010,80.70
May-24-2010,79.59
May-25-2010,79.47
May-26-2010,79.17
May-27-2010,81.43
May-28-2010,79.31
Jun-01-2010,78.07
Jun-02-2010,78.74
Jun-03-2010,78.34
Jun-04-2010,76.10
Jun-07-2010,74.74
Jun-08-2010,74.92
Jun-09-2010,74.79
Jun-10-2010,77.43
Jun-11-2010,78.30
Jun-14-2010,78.14
Jun-15-2010,79.77
Jun-16-2010,80.88
Jun-17-2010,81.03
Jun-18-2010,81.18
Jun-21-2010,81.47
Jun-22-2010,80.03
Jun-23-2010,80.12
Jun-24-2010,78.18
Jun-25-2010,78.90
Jun-28-2010,78.98
Jun-29-2010,78.49
Jun-30-2010,78.99
Jul-01-2010,78.55
Jul-02-2010,77.67
Jul-06-2010,78.14
Jul-07-2010,80.52
Jul-08-2010,81.22
Jul-09-2010,82.16
Jul-12-2010,82.26
Jul-13-2010,83.55
Jul-14-2010,83.05
Jul-15-2010,83.06
Jul-16-2010,80.95
Jul-19-2010,81.22
Jul-20-2010,82.19
Jul-21-2010,82.30
Jul-22-2010,84.75
Jul-23-2010,86.17
Jul-26-2010,87.32
Jul-27-2010,86.80
Jul-28-2010,86.69
Jul-29-2010,86.34
Jul-30-2010,85.54
Aug-02-2010,87.41
Aug-03-2010,87.21
Aug-04-2010,88.00
Aug-05-2010,87.72
Aug-06-2010,87.29
Aug-09-2010,88.03
Aug-10-2010,87.11
Aug-11-2010,84.10
Aug-12-2010,84.01
Aug-13-2010,84.01
Aug-16-2010,83.43
Aug-17-2010,84.09
Aug-18-2010,83.61
Aug-19-2010,81.81
Aug-20-2010,80.66
Aug-23-2010,81.08
Aug-24-2010,80.45
Aug-25-2010,80.75
Aug-26-2010,79.78
Aug-27-2010,81.00
Aug-30-2010,79.65
Aug-31-2010,78.55
Sep-01-2010,81.01
Sep-02-2010,81.87
Sep-03-2010,83.48
Sep-07-2010,82.14
Sep-08-2010,82.75
Sep-09-2010,82.96
Sep-10-2010,83.94
Sep-13-2010,84.86
Sep-14-2010,84.63
Sep-15-2010,84.58
Sep-16-2010,84.95
Sep-17-2010,86.07
Sep-20-2010,87.41
Sep-21-2010,86.55
Sep-22-2010,86.63
Sep-23-2010,85.53
Sep-24-2010,86.96
Sep-27-2010,86.19
Sep-28-2010,87.04
Sep-29-2010,87.17
Sep-30-2010,86.71
Oct-01-2010,87.62
Oct-04-2010,86.70
Oct-05-2010,88.86
Oct-06-2010,89.89
Oct-07-2010,88.90
Oct-08-2010,89.16
Oct-11-2010,88.25
Oct-12-2010,88.15
Oct-13-2010,89.14
Oct-14-2010,89.07
Oct-15-2010,89.14
Oct-18-2010,89.66
Oct-19-2010,88.55
Oct-20-2010,89.47
Oct-21-2010,90.55
Oct-22-2010,90.44
Oct-25-2010,90.90
Oct-26-2010,90.47
Oct-27-2010,90.37
Oct-28-2010,85.07
Oct-29-2010,84.22
Nov-01-2010,83.98
Nov-02-2010,84.80
Nov-03-2010,85.30
Nov-04-2010,87.04
Nov-05-2010,86.34
Nov-08-2010,85.86
Nov-09-2010,85.30
Nov-10-2010,86.25
Nov-11-2010,86.50
Nov-12-2010,86.24
Nov-15-2010,86.20
Nov-16-2010,84.24
Nov-17-2010,83.95
Nov-18-2010,85.55
Nov-19-2010,85.01
Nov-22-2010,84.90
Nov-23-2010,83.59
Nov-24-2010,84.66
Nov-26-2010,84.40
Nov-29-2010,84.22
Nov-30-2010,83.98
Dec-01-2010,86.05
Dec-02-2010,86.51
Dec-03-2010,86.94
Dec-06-2010,86.88
Dec-07-2010,84.19
Dec-08-2010,84.68
Dec-09-2010,84.11
Dec-10-2010,84.32
Dec-13-2010,85.30
Dec-14-2010,85.84
Dec-15-2010,85.81
Dec-16-2010,86.40
Dec-17-2010,86.37
Dec-20-2010,87.34
Dec-21-2010,86.53
Dec-22-2010,86.72
Dec-23-2010,86.47
Dec-27-2010,87.01
Dec-28-2010,86.74
Dec-29-2010,86.76
Dec-30-2010,86.54
Dec-31-2010,86.30
Jan-03-2011,86.79
Jan-04-2011,86.67
Jan-05-2011,86.67
Jan-06-2011,86.14
Jan-07-2011,86.23
Jan-10-2011,87.15
Jan-11-2011,87.74
Jan-12-2011,88.66
Jan-13-2011,88.04
Jan-14-2011,88.10
Jan-18-2011,88.14
Jan-19-2011,87.96
Jan-20-2011,88.04
Jan-21-2011,89.29
Jan-24-2011,90.32
Jan-25-2011,88.50
Jan-26-2011,89.57
Jan-27-2011,89.19
Jan-28-2011,87.44
Jan-31-2011,87.92
Feb-01-2011,87.79
Feb-02-2011,87.75
Feb-03-2011,87.95
Feb-04-2011,88.29
Feb-07-2011,88.79
Feb-08-2011,89.47
Feb-09-2011,90.78
Feb-10-2011,90.46
Feb-11-2011,91.80
Feb-14-2011,91.90
Feb-15-2011,92.00
Feb-16-2011,92.33
Feb-17-2011,92.73
Feb-18-2011,92.96
Feb-22-2011,92.00
Feb-23-2011,90.26
Feb-24-2011,90.03
Feb-25-2011,90.25
Feb-28-2011,92.23
Mar-01-2011,90.46
Mar-02-2011,91.32
Mar-03-2011,92.81
Mar-04-2011,92.19
Mar-07-2011,92.40
Mar-08-2011,93.75
Mar-09-2011,93.17
Mar-10-2011,90.01
Mar-11-2011,91.61
Mar-14-2011,91.02
Mar-15-2011,89.50
Mar-16-2011,87.55
Mar-17-2011,88.69
Mar-18-2011,88.98
Mar-21-2011,90.95
Mar-22-2011,90.70
Mar-23-2011,92.14
Mar-24-2011,92.58
Mar-25-2011,92.27
Mar-28-2011,92.12
Mar-29-2011,92.84
Mar-30-2011,92.47
Mar-31-2011,93.50
Apr-01-2011,93.13
Apr-04-2011,93.64
Apr-05-2011,93.39
Apr-06-2011,93.82
Apr-07-2011,93.19
Apr-08-2011,93.22
Apr-11-2011,93.80
Apr-12-2011,92.37
Apr-13-2011,92.86
Apr-14-2011,92.94
Apr-15-2011,92.82
Apr-18-2011,91.45
Apr-19-2011,91.86
Apr-20-2011,93.76
Apr-21-2011,93.92
Apr-25-2011,94.12
Apr-26-2011,95.94
Apr-27-2011,96.47
Apr-28-2011,97.23
Apr-29-2011,97.21
May-02-2011,96.92
May-03-2011,96.83
May-04-2011,96.20
May-05-2011,94.92
May-06-2011,95.60
May-09-2011,95.99
May-10-2011,95.71
May-11-2011,95.52
May-12-2011,96.65
May-13-2011,96.01
May-16-2011,95.46
May-17-2011,93.86
May-18-2011,93.94
May-19-2011,94.71
May-20-2011,93.56
May-23-2011,92.49
May-24-2011,91.97
May-25-2011,92.69
May-26-2011,92.82
May-27-2011,93.47
May-31-2011,94.38
Jun-01-2011,91.44
Jun-02-2011,91.46
Jun-03-2011,90.70
Jun-06-2011,90.62
Jun-07-2011,90.85
Jun-08-2011,90.91
Jun-09-2011,91.96
Jun-10-2011,90.73
Jun-13-2011,91.30
Jun-14-2011,92.59
Jun-15-2011,91.03
Jun-16-2011,91.58
Jun-17-2011,91.78
Jun-20-2011,92.56
Jun-21-2011,93.43
Jun-22-2011,92.80
Jun-23-2011,92.34
Jun-24-2011,90.89
Jun-27-2011,92.25
Jun-28-2011,93.02
Jun-29-2011,93.11
Jun-30-2011,94.85
Jul-01-2011,96.67
Jul-05-2011,96.14
Jul-06-2011,97.24
Jul-07-2011,97.97
Jul-08-2011,97.62
Jul-11-2011,96.56
Jul-12-2011,95.88
Jul-13-2011,96.19
Jul-14-2011,94.98
Jul-15-2011,95.47
Jul-18-2011,94.60
Jul-19-2011,94.27
Jul-20-2011,94.25
Jul-21-2011,95.84
Jul-22-2011,95.38
Jul-25-2011,95.07
Jul-26-2011,89.93
Jul-27-2011,88.08
Jul-28-2011,87.57
Jul-29-2011,87.14
Aug-01-2011,86.77
Aug-02-2011,85.27
Aug-03-2011,86.18
Aug-04-2011,82.23
Aug-05-2011,82.75
Aug-08-2011,78.59
Aug-09-2011,82.69
Aug-10-2011,78.23
Aug-11-2011,81.22
Aug-12-2011,82.54
Aug-15-2011,83.31
Aug-16-2011,82.13
Aug-17-2011,80.93
Aug-18-2011,77.42
Aug-19-2011,76.87
Aug-22-2011,76.95
Aug-23-2011,79.67
Aug-24-2011,80.29
Aug-25-2011,78.19
Aug-26-2011,80.01
Aug-29-2011,82.10
Aug-30-2011,82.07
Aug-31-2011,82.98
Sep-01-2011,81.61
Sep-02-2011,79.35
Sep-06-2011,78.08
Sep-07-2011,80.57
Sep-08-2011,79.26
Sep-09-2011,76.65
Sep-12-2011,78.22
Sep-13-2011,77.81
Sep-14-2011,79.44
Sep-15-2011,80.63
Sep-16-2011,80.53
Sep-19-2011,79.21
Sep-20-2011,79.21
Sep-21-2011,76.34
Sep-22-2011,72.90
Sep-23-2011,73.99
Sep-26-2011,75.19
Sep-27-2011,76.28
Sep-28-2011,73.60
Sep-29-2011,74.53
Sep-30-2011,71.79
Oct-03-2011,70.93
Oct-04-2011,72.01
Oct-05-2011,72.53
Oct-06-2011,74.65
Oct-07-2011,73.82
Oct-10-2011,76.72
Oct-11-2011,76.42
Oct-12-2011,78.36
Oct-13-2011,77.80
Oct-14-2011,78.89
Oct-17-2011,75.88
Oct-18-2011,78.36
Oct-19-2011,77.70
Oct-20-2011,78.68
Oct-21-2011,80.48
Oct-24-2011,82.18
Oct-25-2011,77.04
Oct-26-2011,77.02
Oct-27-2011,81.41
Oct-28-2011,81.00
Oct-31-2011,79.02
Nov-01-2011,76.53
Nov-02-2011,78.06
Nov-03-2011,79.64
Nov-04-2011,79.30
Nov-07-2011,79.69
Nov-08-2011,81.83
Nov-09-2011,79.00
Nov-10-2011,80.32
Nov-11-2011,82.29
Nov-14-2011,81.87
Nov-15-2011,81.87
Nov-16-2011,81.87
Nov-17-2011,80.43
Nov-18-2011,80.54
Nov-21-2011,78.39
Nov-22-2011,77.83
Nov-23-2011,75.54
Nov-25-2011,76.13
Nov-28-2011,77.72
Nov-29-2011,77.24
Nov-30-2011,81.04
Dec-01-2011,80.30
Dec-02-2011,79.76
Dec-05-2011,80.93
Dec-06-2011,82.13
Dec-07-2011,82.39
Dec-08-2011,80.46
Dec-09-2011,82.20
Dec-12-2011,80.59
Dec-13-2011,79.41
Dec-14-2011,78.51
Dec-15-2011,78.86
Dec-16-2011,78.87
Dec-19-2011,77.82
Dec-20-2011,80.31
Dec-21-2011,80.00
Dec-22-2011,80.97
Dec-23-2011,82.20
Dec-27-2011,82.28
Dec-28-2011,81.15
Dec-29-2011,82.11
Dec-30-2011,81.73
Jan-03-2012,83.49
Jan-04-2012,84.18
Jan-05-2012,83.80
Jan-06-2012,83.37
Jan-09-2012,83.87
Jan-10-2012,84.30
Jan-11-2012,83.77
Jan-12-2012,84.28
Jan-13-2012,83.60
Jan-17-2012,84.23
Jan-18-2012,85.07
Jan-19-2012,85.80
Jan-20-2012,85.65
Jan-23-2012,85.61
Jan-24-2012,85.93
Jan-25-2012,86.48
Jan-26-2012,87.58
Jan-27-2012,87.46
Jan-30-2012,87.34
Jan-31-2012,86.71
Feb-01-2012,87.35
Feb-02-2012,87.43
Feb-03-2012,87.73
Feb-06-2012,87.56
Feb-07-2012,87.89
Feb-08-2012,87.97
Feb-09-2012,88.02
Feb-10-2012,87.14
Feb-13-2012,88.03
Feb-14-2012,87.99
Feb-15-2012,87.01
Feb-16-2012,87.65
Feb-17-2012,87.56
Feb-21-2012,87.60
Feb-22-2012,87.76
Feb-23-2012,87.90
Feb-24-2012,88.20
Feb-27-2012,88.07
Feb-28-2012,87.77
Feb-29-2012,87.60
Mar-01-2012,87.49
Mar-02-2012,87.52
Mar-05-2012,87.06
Mar-06-2012,84.95
Mar-07-2012,85.47
Mar-08-2012,86.71
Mar-09-2012,86.80
Mar-12-2012,87.54
Mar-13-2012,88.75
Mar-14-2012,88.87
Mar-15-2012,90.00
Mar-16-2012,89.56
Mar-19-2012,89.74
Mar-20-2012,89.35
Mar-21-2012,88.91
Mar-22-2012,88.57
Mar-23-2012,88.46
Mar-26-2012,89.12
Mar-27-2012,89.14
Mar-28-2012,88.45
Mar-29-2012,88.77
Mar-30-2012,89.21
Apr-02-2012,89.23
Apr-03-2012,88.79
Apr-04-2012,87.84
Apr-05-2012,87.27
Apr-09-2012,86.33
Apr-10-2012,84.58
Apr-11-2012,85.35
Apr-12-2012,86.86
Apr-13-2012,85.69
Apr-16-2012,86.40
Apr-17-2012,87.45
Apr-18-2012,87.13
Apr-19-2012,86.80
Apr-20-2012,87.48
Apr-23-2012,87.13
Apr-24-2012,88.49
Apr-25-2012,88.80
Apr-26-2012,89.32
Apr-27-2012,89.36
Apr-30-2012,89.36
May-01-2012,89.60
May-02-2012,89.52
May-03-2012,89.39
May-04-2012,88.67
May-07-2012,88.01
May-08-2012,87.56
May-09-2012,87.27
May-10-2012,87.13
May-11-2012,86.73
May-14-2012,85.83
May-15-2012,85.78
May-16-2012,85.35
May-17-2012,84.34
May-18-2012,83.51
May-21-2012,84.46
May-22-2012,84.13
May-23-2012,84.80
May-24-2012,84.98
May-25-2012,84.78
May-29-2012,85.73
May-30-2012,84.45
May-31-2012,84.41
Jun-01-2012,82.85
Jun-04-2012,82.62
Jun-05-2012,82.51
Jun-06-2012,84.63
Jun-07-2012,85.50
Jun-08-2012,86.00
Jun-11-2012,85.18
Jun-12-2012,86.73
Jun-13-2012,86.13
Jun-14-2012,86.86
Jun-15-2012,87.44
Jun-18-2012,87.31
Jun-19-2012,87.82
Jun-20-2012,87.54
Jun-21-2012,86.73
Jun-22-2012,86.83
Jun-25-2012,85.85
Jun-26-2012,86.18
Jun-27-2012,87.16
Jun-28-2012,87.16
Jun-29-2012,89.60
Jul-02-2012,89.28
Jul-03-2012,89.70
Jul-05-2012,89.57
Jul-06-2012,88.99
Jul-09-2012,88.96
Jul-10-2012,88.25
Jul-11-2012,87.85
Jul-12-2012,86.41
Jul-13-2012,87.59
Jul-16-2012,88.10
Jul-17-2012,88.98
Jul-18-2012,90.87
Jul-19-2012,90.83
Jul-20-2012,89.99
Jul-23-2012,89.36
Jul-24-2012,88.24
Jul-25-2012,88.75
Jul-26-2012,90.59
Jul-27-2012,91.71
Jul-30-2012,91.28
Jul-31-2012,91.23
Aug-01-2012,91.20
Aug-02-2012,90.08
Aug-03-2012,91.70
Aug-06-2012,91.41
Aug-07-2012,91.70
Aug-08-2012,91.63
Aug-09-2012,91.59
Aug-10-2012,92.29
Aug-13-2012,92.40
Aug-14-2012,92.30
Aug-15-2012,92.54
Aug-16-2012,93.74
Aug-17-2012,94.24
Aug-20-2012,93.89
Aug-21-2012,93.21
Aug-22-2012,92.68
Aug-23-2012,91.98
Aug-24-2012,92.83
Aug-27-2012,92.59
Aug-28-2012,92.30
Aug-29-2012,92.43
Aug-30-2012,91.76
Aug-31-2012,92.60
Sep-04-2012,91.68
Sep-05-2012,91.75
Sep-06-2012,93.28
Sep-07-2012,92.82
Sep-10-2012,90.67
Sep-11-2012,91.17
Sep-12-2012,90.81
Sep-13-2012,92.06
Sep-14-2012,93.98
Sep-17-2012,93.78
Sep-18-2012,93.43
Sep-19-2012,93.63
Sep-20-2012,93.58
Sep-21-2012,93.21
Sep-24-2012,93.73
Sep-25-2012,92.83
Sep-26-2012,92.59
Sep-27-2012,92.82
Sep-28-2012,92.42
Oct-01-2012,93.29
Oct-02-2012,93.54
Oct-03-2012,93.78
Oct-04-2012,94.43
Oct-05-2012,94.96
Oct-08-2012,95.37
Oct-09-2012,93.94
Oct-10-2012,93.28
Oct-11-2012,92.83
Oct-12-2012,92.75
Oct-15-2012,92.79
Oct-16-2012,94.23
Oct-17-2012,94.81
Oct-18-2012,94.74
Oct-19-2012,92.94
Oct-22-2012,92.53
Oct-23-2012,88.73
Oct-24-2012,88.39
Oct-25-2012,87.81
Oct-26-2012,88.03
Oct-31-2012,87.60
Nov-01-2012,89.25
Nov-02-2012,88.97
Nov-05-2012,89.60
Nov-06-2012,90.86
Nov-07-2012,89.38
Nov-08-2012,88.55
Nov-09-2012,88.81
Nov-12-2012,89.18
Nov-13-2012,89.08
Nov-14-2012,87.31
Nov-15-2012,88.02
Nov-16-2012,88.50
Nov-19-2012,89.57
Nov-20-2012,89.02
Nov-21-2012,88.94
Nov-23-2012,90.28
Nov-26-2012,90.09
Nov-27-2012,90.31
Nov-28-2012,90.93
Nov-29-2012,90.65
Nov-30-2012,90.95
Dec-03-2012,90.30
Dec-04-2012,90.12
Dec-05-2012,90.76
Dec-06-2012,90.95
Dec-07-2012,91.51
Dec-10-2012,91.87
Dec-11-2012,93.68
Dec-12-2012,93.12
Dec-13-2012,92.50
Dec-14-2012,92.28
Dec-17-2012,93.03
Dec-18-2012,93.85
Dec-19-2012,93.02
Dec-20-2012,94.13
Dec-21-2012,93.10
Dec-24-2012,93.19
Dec-26-2012,93.07
Dec-27-2012,92.64
Dec-28-2012,91.78
Dec-31-2012,92.85
Jan-02-2013,94.78
Jan-03-2013,94.67
Jan-04-2013,95.37
Jan-07-2013,95.49
Jan-08-2013,95.50
Jan-09-2013,96.41
Jan-10-2013,96.89
Jan-11-2013,96.28
Jan-14-2013,97.08
Jan-15-2013,97.29
Jan-16-2013,97.60
Jan-17-2013,98.08
Jan-18-2013,98.74
Jan-22-2013,99.33
Jan-23-2013,99.49
Jan-24-2013,99.67
Jan-25-2013,100.59
Jan-28-2013,100.65
Jan-29-2013,101.81
Jan-30-2013,100.80
Jan-31-2013,100.55
Feb-01-2013,101.56
Feb-04-2013,100.77
Feb-05-2013,101.49
Feb-06-2013,102.69
Feb-07-2013,102.22
Feb-08-2013,102.66
Feb-11-2013,102.62
Feb-12-2013,103.46
Feb-13-2013,102.86
Feb-14-2013,102.78
Feb-15-2013,103.23
Feb-19-2013,104.18
Feb-20-2013,103.15
Feb-21-2013,102.72
Feb-22-2013,103.54
Feb-25-2013,101.75
Feb-26-2013,102.31
Feb-27-2013,103.57
Feb-28-2013,104.00
Mar-01-2013,103.77
Mar-04-2013,103.28
Mar-05-2013,104.45
Mar-06-2013,104.66
Mar-07-2013,104.54
Mar-08-2013,105.71
Mar-11-2013,105.81
Mar-12-2013,105.13
Mar-13-2013,105.09
Mar-14-2013,106.02
Mar-15-2013,106.40
Mar-18-2013,105.41
Mar-19-2013,105.18
Mar-20-2013,105.66
Mar-21-2013,104.94
Mar-22-2013,106.42
Mar-25-2013,105.17
Mar-26-2013,106.07
Mar-27-2013,105.29
Mar-28-2013,106.31
Apr-01-2013,105.65
Apr-02-2013,106.52
Apr-03-2013,105.68
Apr-04-2013,105.82
Apr-05-2013,105.78
Apr-08-2013,105.75
Apr-09-2013,105.95
Apr-10-2013,107.69
Apr-11-2013,108.25
Apr-12-2013,107.68
Apr-15-2013,105.76
Apr-16-2013,106.15
Apr-17-2013,105.48
Apr-18-2013,104.98
Apr-19-2013,105.71
Apr-22-2013,105.80
Apr-23-2013,107.39
Apr-24-2013,107.87
Apr-25-2013,104.88
Apr-26-2013,103.79
Apr-29-2013,103.83
Apr-30-2013,104.71
May-01-2013,104.55
May-02-2013,106.04
May-03-2013,107.83
May-06-2013,107.84
May-07-2013,108.01
May-08-2013,108.20
May-09-2013,109.92
May-10-2013,110.48
May-13-2013,110.50
May-14-2013,110.59
May-15-2013,111.50
May-16-2013,111.07
May-17-2013,111.39
May-20-2013,111.72
May-21-2013,112.01
May-22-2013,110.79
May-23-2013,110.41
May-24-2013,110.27
May-28-2013,111.59
May-29-2013,111.13
May-30-2013,111.42
May-31-2013,110.27
Jun-03-2013,110.61
Jun-04-2013,110.02
Jun-05-2013,108.59
Jun-06-2013,108.67
Jun-07-2013,111.11
Jun-10-2013,110.81
Jun-11-2013,110.22
Jun-12-2013,109.03
Jun-13-2013,111.20
Jun-14-2013,111.03
Jun-17-2013,111.91
Jun-18-2013,112.97
Jun-19-2013,111.57
Jun-20-2013,108.78
Jun-21-2013,109.59
Jun-24-2013,107.50
Jun-25-2013,108.24
Jun-26-2013,109.68
Jun-27-2013,110.24
Jun-28-2013,109.35
Jul-01-2013,109.31
Jul-02-2013,108.73
Jul-03-2013,109.45
Jul-05-2013,111.54
Jul-08-2013,112.13
Jul-09-2013,113.35
Jul-10-2013,113.43
Jul-11-2013,114.53
Jul-12-2013,115.14
Jul-15-2013,114.85
Jul-16-2013,114.34
Jul-17-2013,114.64
Jul-18-2013,115.48
Jul-19-2013,116.19
Jul-22-2013,116.28
Jul-23-2013,116.75
Jul-24-2013,116.33
Jul-25-2013,116.55
Jul-26-2013,116.91
Jul-29-2013,116.61
Jul-30-2013,116.84
Jul-31-2013,117.43
Aug-01-2013,118.41
Aug-02-2013,118.26
Aug-05-2013,117.92
Aug-06-2013,117.50
Aug-07-2013,117.83
Aug-08-2013,118.68
Aug-09-2013,118.31
Aug-12-2013,118.38
Aug-13-2013,118.67
Aug-14-2013,117.62
Aug-15-2013,115.85
Aug-16-2013,115.90
Aug-19-2013,115.61
Aug-20-2013,115.42
Aug-21-2013,113.42
Aug-22-2013,114.67
Aug-23-2013,114.40
Aug-26-2013,114.33
Aug-27-2013,112.73
Aug-28-2013,113.00
Aug-29-2013,113.32
Aug-30-2013,113.58
Sep-03-2013,113.22
Sep-04-2013,114.55
Sep-05-2013,114.87
Sep-06-2013,115.04
Sep-09-2013,116.74
Sep-10-2013,117.59
Sep-11-2013,118.71
Sep-12-2013,118.20
Sep-13-2013,118.60
Sep-16-2013,119.23
Sep-17-2013,119.93
Sep-18-2013,121.29
Sep-19-2013,121.57
Sep-20-2013,120.01
Sep-23-2013,121.11
Sep-24-2013,120.80
Sep-25-2013,120.20
Sep-26-2013,120.66
Sep-27-2013,120.22
Sep-30-2013,119.41
Oct-01-2013,119.62
Oct-02-2013,119.20
Oct-03-2013,118.55
Oct-04-2013,119.40
Oct-07-2013,118.69
Oct-08-2013,117.16
Oct-09-2013,117.57
Oct-10-2013,119.34
Oct-11-2013,120.72
Oct-14-2013,121.40
Oct-15-2013,119.82
Oct-16-2013,120.94
Oct-17-2013,122.62
Oct-18-2013,122.84
Oct-21-2013,123.25
Oct-22-2013,123.80
Oct-23-2013,123.20
Oct-24-2013,123.49
Oct-25-2013,124.42
Oct-28-2013,124.92
Oct-29-2013,125.28
Oct-30-2013,124.79
Oct-31-2013,125.85
Nov-01-2013,125.90
Nov-04-2013,126.32
Nov-05-2013,126.12
Nov-06-2013,127.13
Nov-07-2013,126.41
Nov-08-2013,127.99
Nov-11-2013,127.95
Nov-12-2013,128.36
Nov-13-2013,128.59
Nov-14-2013,129.79
Nov-15-2013,129.85
Nov-18-2013,130.13
Nov-19-2013,130.05
Nov-20-2013,129.18
Nov-21-2013,130.35
Nov-22-2013,131.02
Nov-25-2013,131.23
Nov-26-2013,132.15
Nov-27-2013,133.50
Nov-29-2013,133.51
Dec-02-2013,127.68
Dec-03-2013,126.60
Dec-04-2013,126.46
Dec-05-2013,126.83
Dec-06-2013,128.61
Dec-09-2013,128.57
Dec-10-2013,127.55
Dec-11-2013,126.77
Dec-12-2013,126.58
Dec-13-2013,126.43
Dec-16-2013,127.66
Dec-17-2013,131.39
Dec-18-2013,135.80
Dec-19-2013,136.41
Dec-20-2013,136.72
Dec-23-2013,136.80
Dec-24-2013,136.99
Dec-26-2013,138.29
Dec-27-2013,139.35
Dec-30-2013,139.42
Dec-31-2013,140.25
Jan-02-2014,138.13
Jan-03-2014,138.45
Jan-06-2014,137.63
Jan-07-2014,137.65
Jan-08-2014,136.63
Jan-09-2014,136.45
Jan-10-2014,136.18
Jan-13-2014,134.68
Jan-14-2014,137.41
Jan-15-2014,138.44
Jan-16-2014,138.16
Jan-17-2014,137.31
Jan-21-2014,136.99
Jan-22-2014,136.48
Jan-23-2014,134.71
Jan-24-2014,130.22
Jan-27-2014,128.96
Jan-28-2014,129.81
Jan-29-2014,130.25
Jan-30-2014,128.05
Jan-31-2014,128.19
Feb-03-2014,123.90
Feb-04-2014,126.72
Feb-05-2014,127.36
Feb-06-2014,128.90
Feb-07-2014,130.33
Feb-10-2014,129.70
Feb-11-2014,130.98
Feb-12-2014,130.44
Feb-13-2014,130.14
Feb-14-2014,132.12
Feb-18-2014,131.80
Feb-19-2014,130.56
Feb-20-2014,131.56
Feb-21-2014,131.57
Feb-24-2014,132.20
Feb-25-2014,132.93
Feb-26-2014,132.86
Feb-27-2014,134.34
Feb-28-2014,134.73
Mar-03-2014,132.21
Mar-04-2014,132.68
Mar-05-2014,133.85
Mar-06-2014,134.08
Mar-07-2014,134.11
Mar-10-2014,133.56
Mar-11-2014,132.51
Mar-12-2014,132.57
Mar-13-2014,130.81
Mar-14-2014,129.83
Mar-17-2014,132.27
Mar-18-2014,132.74
Mar-19-2014,131.23
Mar-20-2014,132.43
Mar-21-2014,133.12
Mar-24-2014,132.42
Mar-25-2014,134.06
Mar-26-2014,133.09
Mar-27-2014,132.84
Mar-28-2014,134.20
Mar-31-2014,135.66
Apr-01-2014,136.53
Apr-02-2014,136.00
Apr-03-2014,136.14
Apr-04-2014,135.86
Apr-07-2014,134.40
Apr-08-2014,134.84
Apr-09-2014,135.84
Apr-10-2014,133.97
Apr-11-2014,132.39
Apr-14-2014,133.15
Apr-15-2014,134.09
Apr-16-2014,136.77
Apr-17-2014,137.73
Apr-21-2014,138.62
Apr-22-2014,138.89
Apr-23-2014,137.99
Apr-24-2014,136.65
Apr-25-2014,136.56
Apr-28-2014,137.23
Apr-29-2014,137.55
Apr-30-2014,139.09
May-01-2014,140.81
May-02-2014,140.12
May-05-2014,140.61
May-06-2014,139.29
May-07-2014,141.14
May-08-2014,140.83
May-09-2014,141.34
May-12-2014,142.82
May-13-2014,142.43
May-14-2014,141.60
May-15-2014,140.98
May-16-2014,141.13
May-19-2014,141.67
May-20-2014,140.23
May-21-2014,140.66
May-22-2014,140.31
May-23-2014,141.14
May-27-2014,141.44
May-28-2014,141.43
May-29-2014,142.39
May-30-2014,142.55
Jun-02-2014,142.32
Jun-03-2014,142.89
Jun-04-2014,142.26
Jun-05-2014,143.71
Jun-06-2014,144.64
Jun-09-2014,145.32
Jun-10-2014,144.97
Jun-11-2014,144.41
Jun-12-2014,143.07
Jun-13-2014,143.36
Jun-16-2014,143.32
Jun-17-2014,143.69
Jun-18-2014,144.33
Jun-19-2014,144.49
Jun-20-2014,145.16
Jun-23-2014,144.09
Jun-24-2014,143.09
Jun-25-2014,143.65
Jun-26-2014,143.73
Jun-27-2014,143.69
Jun-30-2014,143.24
Jul-01-2014,144.56
Jul-02-2014,145.23
Jul-03-2014,145.41
Jul-07-2014,144.91
Jul-08-2014,144.56
Jul-09-2014,144.68
Jul-10-2014,143.89
Jul-11-2014,144.31
Jul-14-2014,145.00
Jul-15-2014,145.06
Jul-16-2014,146.17
Jul-17-2014,143.54
Jul-18-2014,144.83
Jul-21-2014,144.30
Jul-22-2014,145.12
Jul-23-2014,144.68
Jul-24-2014,145.13
Jul-25-2014,145.12
Jul-28-2014,145.53
Jul-29-2014,144.02
Jul-30-2014,143.74
Jul-31-2014,140.89
Aug-01-2014,140.11
Aug-04-2014,140.75
Aug-05-2014,139.78
Aug-06-2014,139.55
Aug-07-2014,139.13
Aug-08-2014,140.85
Aug-11-2014,140.58
Aug-12-2014,140.88
Aug-13-2014,141.80
Aug-14-2014,142.34
Aug-15-2014,141.92
Aug-18-2014,144.12
Aug-19-2014,144.25
Aug-20-2014,144.60
Aug-21-2014,144.50
Aug-22-2014,144.13
Aug-25-2014,144.70
Aug-26-2014,144.60
Aug-27-2014,143.94
Aug-28-2014,143.98
Aug-29-2014,144.00
Sep-02-2014,144.22
Sep-03-2014,143.82
Sep-04-2014,143.61
Sep-05-2014,144.20
Sep-08-2014,144.89
Sep-09-2014,144.46
Sep-10-2014,144.64
Sep-11-2014,144.35
Sep-12-2014,143.94
Sep-15-2014,144.48
Sep-16-2014,144.85
Sep-17-2014,145.37
Sep-18-2014,146.84
Sep-19-2014,146.69
Sep-22-2014,145.71
Sep-23-2014,144.37
Sep-24-2014,144.88
Sep-25-2014,142.48
Sep-26-2014,142.42
Sep-29-2014,142.19
Sep-30-2014,141.68
Oct-01-2014,139.18
Oct-02-2014,138.67
Oct-03-2014,140.17
Oct-06-2014,140.34
Oct-07-2014,137.68
Oct-08-2014,141.41
Oct-09-2014,138.64
Oct-10-2014,133.83
Oct-13-2014,132.90
Oct-14-2014,134.18
Oct-15-2014,134.22
Oct-16-2014,135.05
Oct-17-2014,137.40
Oct-20-2014,137.60
Oct-21-2014,140.93
Oct-22-2014,138.95
Oct-23-2014,145.05
Oct-24-2014,148.59
Oct-27-2014,149.56
Oct-28-2014,151.06
Oct-29-2014,151.01
Oct-30-2014,152.10
Oct-31-2014,153.77
Nov-03-2014,153.30
Nov-04-2014,155.05
Nov-05-2014,155.69
Nov-06-2014,156.05
Nov-07-2014,156.55
Nov-10-2014,157.66
Nov-11-2014,157.11
Nov-12-2014,157.68
Nov-13-2014,158.35
Nov-14-2014,158.85
Nov-17-2014,158.69
Nov-18-2014,160.15
Nov-19-2014,158.83
Nov-20-2014,159.36
Nov-21-2014,160.16
Nov-24-2014,159.88
Nov-25-2014,158.06
Nov-26-2014,158.31
Nov-28-2014,160.09
Dec-01-2014,158.16
Dec-02-2014,160.60
Dec-03-2014,162.26
Dec-04-2014,162.26
Dec-05-2014,162.27
Dec-08-2014,160.93
Dec-09-2014,160.83
Dec-10-2014,158.24
Dec-11-2014,159.15
Dec-12-2014,157.12
Dec-15-2014,156.85
Dec-16-2014,159.05
Dec-17-2014,160.60
Dec-18-2014,165.30
Dec-19-2014,165.48
Dec-22-2014,167.27
Dec-23-2014,166.87
Dec-24-2014,166.96
Dec-26-2014,166.26
Dec-29-2014,166.71
Dec-30-2014,165.84
Dec-31-2014,164.32
Jan-02-2015,164.06
Jan-05-2015,160.36
Jan-06-2015,158.65
Jan-07-2015,159.80
Jan-08-2015,163.63
Jan-09-2015,161.62
Jan-12-2015,160.74
Jan-13-2015,160.62
Jan-14-2015,159.84
Jan-15-2015,159.66
Jan-16-2015,162.00
Jan-20-2015,161.94
Jan-21-2015,162.54
Jan-22-2015,165.89
Jan-23-2015,164.02
Jan-26-2015,164.24
Jan-27-2015,163.63
Jan-28-2015,163.94
Jan-29-2015,166.13
Jan-30-2015,162.30
Feb-02-2015,164.42
Feb-03-2015,165.94
Feb-04-2015,164.81
Feb-05-2015,166.55
Feb-06-2015,166.07
Feb-09-2015,164.84
Feb-10-2015,165.82
Feb-11-2015,164.48
Feb-12-2015,165.91
Feb-13-2015,165.94
Feb-17-2015,166.92
Feb-18-2015,167.40
Feb-19-2015,167.09
Feb-20-2015,168.12
Feb-23-2015,168.81
Feb-24-2015,169.12
Feb-25-2015,168.89
Feb-26-2015,169.61
Feb-27-2015,168.65
Mar-02-2015,170.50
Mar-03-2015,168.27
Mar-04-2015,167.16
Mar-05-2015,167.57
Mar-06-2015,164.36
Mar-09-2015,166.37
Mar-10-2015,162.26
Mar-11-2015,161.73
Mar-12-2015,164.47
Mar-13-2015,162.74
Mar-16-2015,166.21
Mar-17-2015,164.23
Mar-18-2015,166.47
Mar-19-2015,165.66
Mar-20-2015,166.49
Mar-23-2015,166.13
Mar-24-2015,166.32
Mar-25-2015,162.70
Mar-26-2015,162.59
Mar-27-2015,163.50
Mar-30-2015,166.05
Mar-31-2015,164.95
Apr-01-2015,162.52
Apr-02-2015,162.80
Apr-06-2015,165.48
Apr-07-2015,166.21
Apr-08-2015,166.27
Apr-09-2015,166.79
Apr-10-2015,167.07
Apr-13-2015,165.84
Apr-14-2015,165.99
Apr-15-2015,166.44
Apr-16-2015,165.89
Apr-17-2015,161.71
Apr-20-2015,164.51
Apr-21-2015,164.00
Apr-22-2015,164.67
Apr-23-2015,159.66
Apr-24-2015,158.99
Apr-27-2015,157.98
Apr-28-2015,158.33
Apr-29-2015,156.97
Apr-30-2015,156.39
May-01-2015,157.68
May-04-2015,159.02
May-05-2015,157.91
May-06-2015,157.64
May-07-2015,158.61
May-08-2015,160.60
May-11-2015,159.90
May-12-2015,160.07
May-13-2015,161.31
May-14-2015,163.15
May-15-2015,163.30
May-18-2015,162.87
May-19-2015,163.12
May-20-2015,161.90
May-21-2015,162.06
May-22-2015,160.98
May-26-2015,159.59
May-27-2015,161.02
May-28-2015,160.87
May-29-2015,159.08
Jun-01-2015,158.98
Jun-02-2015,159.08
Jun-03-2015,160.16
Jun-04-2015,158.35
Jun-05-2015,157.08
Jun-08-2015,156.59
Jun-09-2015,156.98
Jun-10-2015,159.04
Jun-11-2015,159.86
Jun-12-2015,158.04
Jun-15-2015,155.87
Jun-16-2015,156.49
Jun-17-2015,156.95
Jun-18-2015,159.62
Jun-19-2015,158.95
Jun-22-2015,159.68
Jun-23-2015,159.84
Jun-24-2015,157.54
Jun-25-2015,155.92
Jun-26-2015,157.09
Jun-29-2015,153.95
Jun-30-2015,154.30
Jul-01-2015,155.65
Jul-02-2015,155.38
Jul-06-2015,155.08
Jul-07-2015,155.43
Jul-08-2015,152.71
Jul-09-2015,153.75
Jul-10-2015,154.95
Jul-13-2015,156.47
Jul-14-2015,156.78
Jul-15-2015,156.00
Jul-16-2015,157.17
Jul-17-2015,156.69
Jul-20-2015,157.12
Jul-21-2015,155.76
Jul-22-2015,155.41
Jul-23-2015,149.50
Jul-24-2015,149.33
Jul-27-2015,148.71
Jul-28-2015,151.11
Jul-29-2015,151.45
Jul-30-2015,151.57
Jul-31-2015,151.34
Aug-03-2015,150.12
Aug-04-2015,150.40
Aug-05-2015,151.01
Aug-06-2015,149.26
Aug-07-2015,148.89
Aug-10-2015,151.24
Aug-11-2015,148.48
Aug-12-2015,148.52
Aug-13-2015,147.40
Aug-14-2015,148.28
Aug-17-2015,149.24
Aug-18-2015,148.31
Aug-19-2015,145.87
Aug-20-2015,143.35
Aug-21-2015,142.09
Aug-24-2015,138.58
Aug-25-2015,137.64
Aug-26-2015,142.72
Aug-27-2015,143.90
Aug-28-2015,144.21
Aug-31-2015,142.14
Sep-01-2015,138.50
Sep-02-2015,141.24
Sep-03-2015,141.74
Sep-04-2015,139.84
Sep-08-2015,143.43
Sep-09-2015,140.86
Sep-10-2015,140.78
Sep-11-2015,141.26
Sep-14-2015,140.81
Sep-15-2015,143.60
Sep-16-2015,144.20
Sep-17-2015,142.95
Sep-18-2015,139.62
Sep-21-2015,140.04
Sep-22-2015,138.02
Sep-23-2015,137.66
Sep-24-2015,137.58
Sep-25-2015,139.56
Sep-28-2015,138.38
Sep-29-2015,141.55
Sep-30-2015,141.77
Oct-01-2015,140.80
Oct-02-2015,143.20
Oct-05-2015,146.32
Oct-06-2015,145.79
Oct-07-2015,147.54
Oct-08-2015,149.48
Oct-09-2015,149.90
Oct-12-2015,150.06
Oct-13-2015,149.11
Oct-14-2015,148.32
Oct-15-2015,149.19
Oct-16-2015,148.70
Oct-19-2015,148.00
Oct-20-2015,149.11
Oct-21-2015,149.82
Oct-22-2015,156.00
Oct-23-2015,155.79
Oct-26-2015,156.54
Oct-27-2015,156.73
Oct-28-2015,158.08
Oct-29-2015,157.61
Oct-30-2015,157.21
Nov-02-2015,159.92
Nov-03-2015,158.75
Nov-04-2015,158.91
Nov-05-2015,158.99
Nov-06-2015,159.26
Nov-09-2015,157.47
Nov-10-2015,157.59
Nov-11-2015,159.05
Nov-12-2015,156.30
Nov-13-2015,155.65
Nov-16-2015,158.21
Nov-17-2015,157.03
Nov-18-2015,157.39
Nov-19-2015,158.38
Nov-20-2015,158.95
Nov-23-2015,158.65
Nov-24-2015,157.75
Nov-25-2015,157.63
Nov-27-2015,157.99
Nov-30-2015,156.58
Dec-01-2015,156.90
Dec-02-2015,155.70
Dec-03-2015,154.38
Dec-04-2015,158.22
Dec-07-2015,157.75
Dec-08-2015,156.79
Dec-09-2015,156.05
Dec-10-2015,157.52
Dec-11-2015,154.83
Dec-14-2015,157.63
Dec-15-2015,148.13
Dec-16-2015,149.95
Dec-17-2015,148.85
Dec-18-2015,146.92
Dec-21-2015,147.48
Dec-22-2015,148.97
Dec-23-2015,151.16
Dec-24-2015,151.19
Dec-28-2015,151.22
Dec-29-2015,152.89
Dec-30-2015,151.91
Dec-31-2015,150.64